,player,position
0,Max Aarons,FB
1,Tosin Adarabioyo,CB
2,Elijah Adebayo,FW
3,Simon Adingra,AM
4,Nayef Aguerd,CB
5,Anel Ahmedhodžić,CB
6,Ola Aina,FB
7,Rayan Aït-Nouri,"FB, CM"
8,Kristoffer Ajer,"CB, FB"
9,Manuel Akanji,"CB, FB, CM"
10,Nathan Aké,"CB, FB"
11,Trent Alexander-Arnold,FB
12,Miguel Almirón,AM
13,Edson Álvarez,CM
14,Julián Álvarez,"AM, FW, CM"
15,Zeki Amdouni,FW
16,Sofyan Amrabat,CM
17,Joachim Andersen,CB
18,Elliot Anderson,CM
19,Michail Antonio,FW
20,Antony,AM
21,Oliver Arblaster,CM
22,Cameron Archer,FW
23,Lorenz Assignon,FB
24,Serge Aurier,FB
25,Taiwo Awoniyi,FW
26,Jordan Ayew,AM
27,Benoît Badiashile,CB
28,Leon Bailey,"CM, AM"
29,George Baldock,CB
30,Carlos Baleba,CM
31,Ross Barkley,CM
32,Harvey Barnes,AM
33,Calvin Bassey,CB
34,Amari'i Bell,CB
35,Jean-Ricner Bellegarde,AM
36,Saïd Benrahma,AM
37,Rodrigo Bentancur,CM
38,Jóhann Berg Guðmundsson,CM
39,Sander Berge,CM
40,Beto,FW
41,Jordan Beyer,CB
42,Philip Billing,"AM, CM"
43,Yves Bissouma,CM
44,Jayden Bogle,FB
45,Willy Boly,CB
46,Sven Botman,CB
47,Jarrod Bowen,"FW, AM"
48,Conor Bradley,FB
49,Jarrad Branthwaite,CB
50,Ben Brereton,FW
51,Armando Broja,FW
52,Andre Brooks,CM
53,Jacob Brown,AM
54,Josh Brownhill,CM
55,Jacob Bruun Larsen,CM
56,Hugo Bueno,FB
57,Santiago Bueno,CB
58,Facundo Buonanotte,AM
59,Reece Burke,CB
60,Dan Burn,"FB, CB"
61,Moisés Caicedo,CM
62,Tom Cairney,CM
63,Dominic Calvert-Lewin,FW
64,Diego Carlos,CB
65,Casemiro,"CM, CB"
66,Matty Cash,FB
67,Timothy Castagne,FB
68,Trevoh Chalobah,CB
69,Ben Chilwell,FB
70,Tahith Chong,AM
71,Ryan Christie,CM
72,Jordan Clark,"AM, CM"
73,Nathaniel Clyne,"FB, CB"
74,Séamus Coleman,FB
75,Nathan Collins,CB
76,Levi Colwill,"FB, CB"
77,Lewis Cook,CM
78,Vladimír Coufal,FB
79,Marc Cucurella,FB
80,Josh Cullen,CM
81,Matheus Cunha,"FW, AM"
82,Mahmoud Dahoud,CM
83,Ameen Al-Dakhil,CB
84,Diogo Dalot,FB
85,Mikkel Damsgaard,CM
86,Danilo,CM
87,Arnaut Danjuma,CM
88,David Datro Fofana,FW
89,Ben Davies,CB
90,Craig Dawson,CB
91,Kevin De Bruyne,"CM, AM"
92,Hannes Delcroix,CB
93,Moussa Diaby,"FW, AM"
94,Rúben Dias,CB
95,Luis Díaz,AM
96,Lucas Digne,FB
97,Issa Diop,CB
98,Axel Disasi,"CB, FB"
99,Matt Doherty,FB
100,Jeremy Doku,AM
101,Nicolás Domínguez,CM
102,Abdoulaye Doucouré,"FW, CM"
103,Cheick Doucouré,CM
104,Alfie Doughty,FB
105,Tommy Doyle,CM
106,Lewis Dunk,CB
107,Jhon Durán,FW
108,Odsonne Édouard,FW
109,John Egan,CB
110,Anthony Elanga,AM
111,Harvey Elliott,"CM, AM"
112,Emerson,FB
113,Julio Enciso,AM
114,Wataru Endo,CM
115,Christian Eriksen,CM
116,Maxime Estève,CB
117,Pervis Estupiñán,FB
118,Jonny Evans,CB
119,Eberechi Eze,AM
120,Ansu Fati,AM
121,Evan Ferguson,FW
122,Bruno Fernandes,AM
123,Enzo Fernández,CM
124,Phil Foden,"AM, CM"
125,Lyle Foster,FW
126,Cody Gakpo,"FW, AM"
127,Conor Gallagher,"CM, AM"
128,Idrissa Gana Gueye,CM
129,Alejandro Garnacho,AM
130,James Garner,CM
131,Saman Ghoddos,FB
132,Morgan Gibbs-White,"AM, CM"
133,Billy Gilmour,CM
134,Ben Godfrey,FB
135,André Gomes,CM
136,João Gomes,CM
137,Toti Gomes,CB
138,Joe Gomez,FB
139,Anthony Gordon,AM
140,Ryan Gravenberch,CM
141,Jack Grealish,AM
142,Pascal Groß,"CM, FB"
143,Marc Guéhi,CB
144,Bruno Guimarães,CM
145,Malo Gusto,FB
146,Joško Gvardiol,FB
147,Erling Haaland,FW
148,Lewis Hall,FB
149,Gustavo Hamer,"CM, AM"
150,Jack Harrison,CM
151,Daiki Hashioka,CB
152,Kai Havertz,"CM, FW"
153,Jan Paul van Hecke,CB
154,Hwang Hee-chan,"FW, AM"
155,Son Heung-min,"FW, AM"
156,Aaron Hickey,FB
157,Jack Hinshelwood,FB
158,Mason Holgate,CB
159,Callum Hudson-Odoi,AM
160,Will Hughes,CM
161,Pierre Højbjerg,CM
162,Rasmus Højlund,FW
163,Igor,"FB, CB"
164,Alexander Isak,FW
165,Alex Iwobi,"AM, CM"
166,Nicolas Jackson,FW
167,Vitaly Janelt,"CM, FB"
168,Mathias Jensen,CM
169,Gabriel Jesus,"FW, AM"
170,Raúl Jiménez,FW
171,João Pedro,"AM, FW"
172,Joelinton,CM
173,Ryan John Giles,FB
174,Ben Johnson,FB
175,Brennan Johnson,AM
176,Curtis Jones,CM
177,Jorginho,CM
178,Diogo Jota,"AM, FW"
179,Mathias Jørgensen,CB
180,Issa Kaboré,FB
181,Boubacar Kamara,CM
182,Lloyd Kelly,"FB, CB"
183,Milos Kerkez,FB
184,Max Kilman,CB
185,Jakub Kiwior,FB
186,Justin Kluivert,AM
187,Luca Koleosho,"AM, CM"
188,Ibrahima Konaté,CB
189,Ezri Konsa,"CB, FB"
190,Mateo Kovačić,CM
191,Emil Krafth,"CB, FB"
192,Mohammed Kudus,AM
193,Dejan Kulusevski,AM
194,Adam Lallana,AM
195,Tariq Lamptey,FB
196,Yasser Larouci,FB
197,Jamaal Lascelles,CB
198,Mario Lemina,CM
199,Clément Lenglet,CB
200,Jefferson Lerma,CM
201,Rico Lewis,"CM, FB"
202,Keane Lewis-Potter,"FB, AM"
203,Victor Lindelöf,"CB, FB"
204,Valentino Livramento,FB
205,Giovani Lo Celso,CM
206,Tom Lockyer,CB
207,Sean Longstaff,CM
208,Max Lowe,FB
209,Douglas Luiz,CM
210,Saša Lukić,CM
211,Alexis Mac Allister,CM
212,James Maddison,AM
213,Noni Madueke,AM
214,Gabriel Magalhães,CB
215,Harry Maguire,CB
216,Kobbie Mainoo,CM
217,Orel Mangala,CM
218,Solly March,AM
219,Anthony Martial,FW
220,Gabriel Martinelli,AM
221,Lisandro Martínez,CB
222,Pape Matar Sarr,CM
223,Jean-Philippe Mateta,FW
224,Joël Matip,CB
225,Neal Maupay,FW
226,Konstantinos Mavropanos,CB
227,Bryan Mbeumo,"AM, FW"
228,James Mcatee,"CM, AM"
229,Oliver McBurnie,FW
230,John McGinn,"CM, AM"
231,Dwight McNeil,CM
232,Scott McTominay,CM
233,Ben Mee,CB
234,Teden Mengi,CB
235,Chris Mepham,CB
236,Lewis Miley,CM
237,James Milner,FB
238,Tyrick Mitchell,"FB, CM"
239,Kaoru Mitoma,AM
240,Jakub Moder,AM
241,Gonzalo Montiel,FB
242,Álex Moreno,FB
243,Carlton Morris,"FW, AM"
244,Mason Mount,AM
245,Mykhailo Mudryk,AM
246,Rodrigo Muniz,FW
247,Daniel Muñoz,FB
248,Murillo,CB
249,Jacob Murphy,AM
250,Vitaliy Mykolenko,FB
251,Marvelous Nakamba,CM
252,Pedro Neto,AM
253,Moussa Niakhate,CB
254,Eddie Nketiah,FW
255,Oliver Norwood,CM
256,Matheus Nunes,CM
257,Darwin Núñez,FW
258,Christian Nørgaard,CM
259,Dara O'Shea,CB
260,Wilson Odobert,"CM, FW"
261,Chiedozie Ogbene,"FB, AM"
262,Angelo Ogbonna,CB
263,Michael Olise,AM
264,Andrew Omobamidele,CB
265,Amadou Onana,CM
266,Frank Onyeka,CM
267,Divock Origi,AM
268,Ben Osborn,"FB, CM"
269,Gabriel Osho,CB
270,William Osula,FW
271,Dango Ouattara,"AM, FB"
272,João Palhinha,CM
273,Cole Palmer,AM
274,Emerson Palmieri,FB
275,Lucas Paquetá,"AM, CM"
276,Thomas Partey,CM
277,Nathan Patterson,FB
278,Andreas Pereira,"AM, CM"
279,Ethan Pinnock,CB
280,Pedro Porro,FB
281,Jarell Quansah,CB
282,Aaron Ramsey,CM
283,Jacob Ramsey,AM
284,Marcus Rashford,"AM, FW"
285,Tim Ream,CB
286,Harrison Reed,CM
287,Sergio Reguilón,FB
288,Bobby Reid,AM
289,Declan Rice,CM
290,Chris Richards,"CB, CM"
291,Richarlison,FW
292,Connor Roberts,FB
293,Andrew Robertson,FB
294,Antonee Robinson,FB
295,Jack Robinson,CB
296,Rodri,CM
297,Jay Rodriguez,FW
298,Mads Roerslev,FB
299,Morgan Rogers,AM
300,Cristian Romero,CB
301,Pelly Ruddock Mpanzu,CM
302,Bukayo Saka,AM
303,Mohamed Salah,AM
304,William Saliba,CB
305,Albert Sambi Lokonga,CM
306,Ibrahim Sangaré,CM
307,Pablo Sarabia,AM
308,Fabian Schär,CB
309,Jeffrey Schlupp,AM
310,Alex Scott,CM
311,Nélson Semedo,"FB, CM"
312,Antoine Semenyo,AM
313,Marcos Senesi,CB
314,Luke Shaw,FB
315,Bernardo Silva,"CM, AM"
316,Thiago Silva,CB
317,Luis Sinisterra,AM
318,Oliver Skipp,CM
319,Adam Smith,FB
320,Dominic Solanke,FW
321,Tomáš Souček,"CM, AM"
322,Vinicius Souza,CM
323,Raheem Sterling,AM
324,John Stones,"CB, CM"
325,Dominik Szoboszlai,CM
326,James Tarkowski,CB
327,Nuno Tavares,FB
328,Marcus Tavernier,AM
329,Charlie Taylor,FB
330,Kenny Tete,FB
331,Luke Thomas,FB
332,Youri Tielemans,CM
333,Harry Toffolo,FB
334,Takehiro Tomiyasu,FB
335,Ivan Toney,FW
336,Pau Torres,CB
337,Andros Townsend,AM
338,Boubacar Traoré,CM
339,Kieran Trippier,FB
340,Leandro Trossard,AM
341,Auston Trusty,"CB, FB"
342,Kostas Tsimikas,FB
343,Destiny Udogie,FB
344,Virgil van Dijk,CB
345,Raphaël Varane,CB
346,Joël Veltman,FB
347,Micky van de Ven,CB
348,Vitinho,FB
349,Kyle Walker,FB
350,Aaron Wan-Bissaka,FB
351,Joel Ward,"FB, CB"
352,James Ward-Prowse,"CM, AM"
353,Ollie Watkins,FW
354,Adam Webster,CB
355,Danny Welbeck,FW
356,Timo Werner,AM
357,Adam Wharton,CM
358,Ben White,FB
359,Neco Williams,FB
360,Willian,AM
361,Callum Wilson,FW
362,Harry Wilson,AM
363,Yoane Wissa,"FW, AM"
364,Chris Wood,FW
365,Yehor Yarmoliuk,CM
366,Ryan Yates,CM
367,Ashley Young,"FB, CM"
368,Illia Zabarnyi,CB
369,Nicolò Zaniolo,AM
370,Oleksandr Zinchenko,FB
371,Kurt Zouma,CB
372,Martin Ødegaard,CM
373,Abner,FB
374,Abdel Abqar,CB
375,Marcos Acuña,FB
376,Lucien Agoume,CM
377,Ilias Akhomach,CM
378,Sergio Akieme,FB
379,David Alaba,CB
380,Raúl Albiol,CB
381,Rubén Alcaraz,CM
382,Omar Alderete,CB
383,Iván Alejo,CM
384,Carles Aleñá,CM
385,Domingos André Ribeiro Almeida,FW
386,Adrià Altimira,FB
387,Sergi Altimira,CM
388,Gastón Álvarez,"CB, FB"
389,Hugo Álvarez,CM
390,Yeray Álvarez,CB
391,Selim Amallah,FW
392,Miguel Ángel Rubio,CB
393,Jon Aramburu,FB
394,Julian Araujo,FB
395,Ronald Araújo,CB
396,Jesús Areso,FB
397,José Arnaiz,AM
398,Sergio Arribas,AM
399,Iago Aspas,"FW, AM"
400,Ezequiel Ávila,AM
401,César Azpilicueta,"CB, FB"
402,Iddrisu Baba,CM
403,Loïc Bade,CB
404,Alex Baena,CM
405,Eric Bailly,CB
406,Alejandro Balde,FB
407,Iván Balliu,FB
408,Jonathan Bamba,"CM, AM"
409,Léo Baptistão,"FW, AM"
410,Ander Barrenetxea,"AM, CM"
411,Pablo Barrios,CM
412,Sheraldo Becker,"FW, AM"
413,Héctor Bellerín,FB
414,Jude Bellingham,"AM, CM"
415,Fran Beltrán,CM
416,Carlos Benavídez,CM
417,Yuri Berchiche,FB
418,Álex Berenguer,AM
419,Antonio Blanco,CM
420,Daley Blind,CB
421,Lucas Boyé,FW
422,Ante Budimir,FW
423,José Callejón,CM
424,Eduardo Camavinga,CM
425,Sergio Camello,FW
426,João Cancelo,FB
427,Sergi Canós,CM
428,Étienne Capoue,CM
429,Isaac Carcelen,FB
430,Marc Cardona,FW
431,Sergi Cardona,FB
432,Johnny Cardoso,CM
433,Carmona,"FB, CM"
434,Álvaro Carreras,FB
435,Dani Carvajal,FB
436,William Carvalho,CM
437,Catena,CB
438,Dani Ceballos,CM
439,Álex Centelles,FB
440,Franco Cervi,CM
441,Pep Chavarría,FB
442,Andreas Christensen,"CB, CM"
443,Chumi,CB
444,Víctor Chust,CB
445,Pathé Ciss,CM
446,Saúl Coco,CB
447,Santi Comesaña,CM
448,Copete,CB
449,Francis Coquelin,CM
450,Ángel Correa,FW
451,Thierry Correia,FB
452,Jaume Costa,FB
453,Samu Costa,CM
454,Yan Couto,"FB, AM"
455,Crespo,CM
456,Juan Cruz Armada,"FB, CB"
457,Pau Cubarsí,CB
458,Jorge Cuenca,"CB, FB"
459,Sergi Darder,CM
460,Rodrigo De Paul,CM
461,Mouctar Diakhaby,CB
462,Assane Diao,AM
463,Brahim Díaz,AM
464,Djené,"CB, CM"
465,Carlos Dominguez,CB
466,Carlos Dotor,CM
467,Anastasios Douvikas,FW
468,Artem Dovbyk,FW
469,Domingos Duarte,CB
470,Rubén Duarte,"FB, CB"
471,Hugo Duro,FW
472,Aritz Elustondo,CB
473,Adri Embarba,AM
474,Youssef En-Nesyri,FW
475,Gonzalo Escalante,CM
476,Alfonso Espino,FB
477,Abde Ezzalzouli,AM
478,Fali,CB
479,Peter Federico,CM
480,Nabil Fekir,AM
481,João Félix,AM
482,Kiko Femenía,FB
483,Álex Fernández,CM
484,Valery Fernández,CM
485,Fernando,CB
486,Pablo Fornals,AM
487,Dimitri Foulquier,FB
488,Juan Foyth,FB
489,Jorge de Frutos,"AM, CM"
490,Matteo Gabbia,CB
491,Javi Galán,FB
492,Iñigo Ruiz de Galarreta,CM
493,Aleix García,CM
494,Álvaro García,"AM, CM"
495,Dani García,CM
496,David García,CB
497,Eric García,"CB, FB"
498,Fran Garcia,FB
499,Francisco Jesús Crespo García,AM
500,Rubén García,AM
501,Unai García,CB
502,Yarek Gasiorowski,FB
503,Gavi,CM
504,Maxi Gómez,FW
505,Moi Gómez,"CM, AM"
506,Unai Gómez,AM
507,Édgar González,"CB, CM"
508,Giovanni González,"FB, CB"
509,Andoni Gorosabel,FB
510,Mason Greenwood,"CM, AM"
511,Antoine Griezmann,"FW, CM"
512,Andrés Guardado,CM
513,Sergi Guardiola,FW
514,Nemanja Gudelj,CB
515,Gonçalo Guedes,FW
516,Javier Guerra,CM
517,Ander Guevara,CM
518,Hugo Guillamón,CM
519,Gerard Gumbau,CM
520,İlkay Gündoğan,CM
521,Jon Guridi,"AM, CM"
522,Gorka Guruzeta,FW
523,Miguel Gutiérrez,FB
524,Munir El Haddadi,"AM, FW"
525,Ianis Hagi,AM
526,Luiz Henrique,"AM, CM"
527,Mario Hermoso,CB
528,Javi Hernández,"FB, CB"
529,Aridane Hernández,CB
530,Luis Hernández,CB
531,Jorge Herrando,CB
532,Ander Herrera,CM
533,Yangel Herrera,CM
534,Martin Hongla,CM
535,Pablo Ibáñez,CM
536,Iglesias,FB
537,Imanol,FB
538,Isco,AM
539,Luis Javier Suárez,FW
540,Frenkie de Jong,CM
541,Jordi,CM
542,Willian José,FW
543,Joselu,FW
544,Kamil Jóźwiak,AM
545,Juanmi,FW
546,Juanpe,CB
547,Vinicius Júnior,"FW, AM"
548,Sory Kaba,FW
549,Kaiky,CB
550,Kiké,FW
551,Koke,CM
552,Rominigue Kouamé,CM
553,Jules Koundé,"FB, CB"
554,Toni Kroos,CM
555,Takefusa Kubo,"AM, CM"
556,Luca de la Torre,CM
557,Érik Lamela,AM
558,Bruno Langa,"FB, CM"
559,Cyle Larin,FW
560,Juanmi Latasa,FW
561,Toni Lato,FB
562,Robin Le Normand,CB
563,Florian Lejeune,CB
564,Iñigo Lekue,FB
565,Robert Lewandowski,FW
566,Samuel Lino,FB
567,Marcos Llorente,"CM, FB"
568,Enzo Loiodice,CM
569,David López,CB
570,Diego López,"CM, FW, AM"
571,Fermin López,"CM, AM"
572,Javi López,FB
573,Unai López,CM
574,Dion Lopy,CM
575,Anthony Lozano,FW
576,Lucas,FB
577,José Luis Gayà,FB
578,José Luis Morales,FW
579,Dodi Lukebakio,AM
580,Darwin Machís,CM
581,Pablo Maffeo,FB
582,Nemanja Maksimović,CM
583,Reinildo Mandava,CB
584,Aïssa Mandi,CB
585,Javier Manquillo,CB
586,Óscar de Marcos,FB
587,José María Giménez,CB
588,Rafa Marín,CB
589,Mika Màrmol,CB
590,Roger Martí,FW
591,Iván Martín,"CM, AM"
592,Arnau Martinez,FB
593,Iñigo Martínez,CB
594,Marvin,AM
595,Omar Mascarell,CM
596,Jaime Mata,"FW, CM"
597,Borja Mayoral,FW
598,Óscar Melendo,CM
599,Gonzalo Melero,CM
600,Memphis,FW
601,Brais Méndez,CM
602,Bruno Méndez,"FB, CB"
603,Ferland Mendy,FB
604,Jorge Meré,CB
605,Mikel Merino,CM
606,Éder Militão,CB
607,Luis Milla,CM
608,Óscar Mingueza,"FB, CM"
609,Ignasi Miquel,CB
610,Juan Miranda,FB
611,Stefan Mitrović,CB
612,Luka Modrić,"CM, AM"
613,Johan Mojica,FB
614,Alberto Moleiro,AM
615,Nahuel Molina,FB
616,Jon Moncayola,CM
617,César Montes,CB
618,Álvaro Morata,FW
619,Alberto Moreno,FB
620,Gerard Moreno,FW
621,Ilaix Moriba,CM
622,Manu Morlanes,CM
623,Cristhian Mosquera,CB
624,Yerson Mosquera,CB
625,Abdul Mumin,CB
626,Iker Muniain,AM
627,Aihen Muñoz,FB
628,Iker Muñoz,CM
629,Javier Muñoz,CM
630,Vedat Muriqi,FW
631,Nacho,CB
632,Matija Nastasić,CB
633,Roberto Navarro,CM
634,Jesús Navas,FB
635,Carlos Neva,FB
636,Saúl Ñíguez,CM
637,Randy Nteka,FW
638,Unai Núñez,CB
639,Lucas Ocampos,"AM, FW, FB, CM"
640,Samu Omorodion,FW
641,Aimar Oroz,"CM, AM"
642,Mikel Oyarzabal,"FW, AM"
643,Cenk Özkacar,CB
644,Jon Pacheco,CB
645,Isaac Palazón Camacho,"CM, AM"
646,Sokratis Papastathopoulos,CB
647,Aitor Paredes,CB
648,Daniel Parejo,CM
649,Gabriel Paulista,CB
650,Alfonso Pedraza,FB
651,Pedri,CM
652,Adrià Pedrosa,FB
653,Facundo Pellistri,"CM, AM"
654,Rubén Peña,"FB, AM"
655,Ayoze Pérez,"AM, FW"
656,Carles Pérez,CM
657,Francisco Perez,"CM, AM"
658,Kike Pérez,AM
659,Máximo Perrone,CM
660,Germán Pezzella,CB
661,Kamil Piątkowski,CB
662,Yeremi Pino,AM
663,Portu,AM
664,Alejandro Pozo Pozo,FB
665,Beñat Prados,CM
666,Abdón Prats,FW
667,Marc Pubill,FB
668,Antonio Puertas,CM
669,Aleksandar Radovanović,CB
670,Antonio Raillo,CB
671,Ivan Rakitić,CM
672,Largie Ramazani,AM
673,Sandro Ramírez,"FW, AM"
674,Chris Ramos,FW
675,Sergio Ramos,CB
676,Raphinha,AM
677,Andrei Ratiu,FB
678,Raúl,FW
679,Abderrahman Rebbach,AM
680,Chadi Riad,CB
681,Diego Rico,FB
682,Luis Rioja,AM
683,Rodrigo Riquelme,FB
684,Mihailo Ristić,FB
685,Sergi Roberto,CM
686,Lucas Robertone,CM
687,Marc Roca,"CM, CB"
688,Rodri,AM
689,Óscar Rodríguez Arnaiz,CM
690,Dani Rodríguez,CM
691,Guido Rodríguez,CM
692,Kirian Rodríguez,CM
693,Rodrygo,"FW, AM"
694,Isaac Romero,FW
695,Oriol Romeu,CM
696,Antonio Rüdiger,CB
697,Aitor Ruibal,FB
698,Sergio Ruiz,CM
699,Youssouf Sabaly,FB
700,Umar Sadiq,FW
701,Kike Salas,CB
702,Oihan Sancet,AM
703,Ricard Sánchez,FB
704,Antonio Sánchez,CM
705,Juanlu Sánchez,FB
706,Manu Sánchez,FB
707,Jesús Santiago,CM
708,Stefan Savić,CB
709,Sávio,"AM, CM"
710,Aleksandar Sedlar,CB
711,André Silva,FW
712,Giuliano Simeone,AM
713,Jailson Siqueira,CB
714,Rubén Sobrino,CM
715,Alex Sola,AM
716,Hugo Sotelo,CM
717,Boubakary Soumaré,CM
718,Djibril Sow,CM
719,Carl Starfelt,CB
720,Jørgen Strand Larsen,FW
721,Cristhian Stuani,FW
722,Álex Suárez,"FB, CB"
723,Damián Suárez,FB
724,Suso,"CM, AM"
725,Alexander Sørloth,FW
726,Renato Tapia,CM
727,Aurélien Tchouaméni,"CM, CB"
728,Nahuel Tenaglia,"CB, FB"
729,Ramón Terrats,CM
730,Kieran Tierney,FB
731,Raúl de Tomás,FW
732,Pablo Torre,AM
733,Raúl Torrente,CB
734,Ferrán Torres,"AM, FW"
735,Óliver Torres,CM
736,Lucas Torró,CM
737,Bertrand Traoré,CM
738,Hamari Traoré,FB
739,Óscar Trejo,"FW, AM"
740,Viktor Tsyhankov,"AM, CM"
741,Beñat Turrientes,CM
742,Myrto Uzuni,"FW, AM"
743,Óscar Valentín,CM
744,Martin Valjent,CB
745,Federico Valverde,"CM, AM"
746,José Luis García Vayá,CM
747,Jesus Vazquez,FB
748,Kevin Vázquez,FB
749,Lucas Vázquez,FB
750,Mikel Vesga,CM
751,Carlos Vicente,AM
752,Jonathan Viera,AM
753,Jonathan Viera,AM
754,Asier Villalibre,FW
755,Gonzalo Villar,CM
756,Daniel Vivian,CB
757,Iñaki Williams,AM
758,Nico Williams,AM
759,Axel Witsel,CB
760,Lamine Yamal,AM
761,Roman Yaremchuk,FW
762,Arsen Zakharyan,CM
763,Joseba Zaldúa,FB
764,Bryan Zaragoza,"AM, CM"
765,Igor Zubeldia,CB
766,Martín Zubimendi,CM
767,Francesco Acerbi,CB
768,Yacine Adli,CM
769,Michel Aebischer,CM
770,Jean-Daniel Akpa-Akpro,CM
771,Luis Alberto,CM
772,Pontus Almqvist,AM
773,Bruno Amione,"CB, FB"
774,Felipe Anderson,AM
775,Angeliño,FB
776,Houssem Aouar,CM
777,Marko Arnautović,FW
778,Kristjan Asllani,CM
779,Tommaso Augello,FB
780,Carlos Augusto,"FB, CB"
781,Yann Aurel Bisseck,CB
782,Sardar Azmoun,FW
783,Paulo Azzi,FB
784,Oussama El Azzouzi,CM
785,Milan Badelj,CM
786,Jaime Báez,AM
787,Nedim Bajrami,AM
788,Tommaso Baldanzi,AM
789,Tommaso Baldanzi,AM
790,Lameck Banda,AM
791,Daniel Bandeira,CM
792,Mattia Bani,CB
793,Antonín Barák,AM
794,Nicolò Barella,CM
795,Enzo Barrenechea,CM
796,Federico Baschirotto,CB
797,Toma Bašić,CM
798,Alessandro Bastoni,CB
799,Simone Bastoni,CM
800,Raoul Bellanova,FB
801,Andrea Belotti,FW
802,Andrea Belotti,FW
803,Lucas Beltrán,"AM, FW"
804,Ismaël Bennacer,CM
805,Domenico Berardi,AM
806,Bartosz Bereszyński,"CB, FB"
807,Victor Bernth Kristiansen,FB
808,Sam Beukema,CB
809,Jaka Bijol,CB
810,Cristiano Biraghi,FB
811,Samuele Birindelli,FB
812,Alexis Blin,CM
813,Emil Bohinen,CM
814,Daniel Boloca,CM
815,Giacomo Bonaventura,"AM, CM"
816,Federico Bonazzoli,FW
817,Warren Bondo,CM
818,Edoardo Bove,CM
819,Domagoj Bradarić,FB
820,Josip Brekalo,AM
821,Gleison Bremer,CB
822,Marco Brescianini,CM
823,Alessandro Buongiorno,CB
824,Jovane Cabral,AM
825,Liberato Cacace,FB
826,Jens Cajuste,CM
827,Davide Calabria,FB
828,Riccardo Calafiori,CB
829,Luca Caldirola,CB
830,Hakan Çalhanoğlu,CM
831,Nicolò Cambiaghi,"AM, FW"
832,Andrea Cambiaso,FB
833,Matteo Cancellieri,AM
834,Antonio Candreva,AM
835,Francesco Caputo,FW
836,Andrea Carboni,"CB, FB"
837,Valentin Carboni,AM
838,Nicolò Casale,CB
839,Valentín Castellanos,FW
840,Samu Castillejo,AM
841,Danilo Cataldi,CM
842,Zeki Çelik,FB
843,Fabien Centonze,FB
844,Alberto Cerri,FW
845,Walid Cheddira,FW
846,Federico Chiesa,FW
847,Samuel Chukwueze,AM
848,Patrick Ciurria,FB
849,Lorenzo Colombo,FW
850,Andrea Colpani,AM
851,Diego Coppola,CB
852,Lassana Coulibaly,CM
853,Bryan Cristante,"CM, CB"
854,Marvin Cuni,FW
855,Danilo D'Ambrosio,CB
856,Flavius Daniliuc,CB
857,Danilo,CB
858,Matteo Darmian,"FB, CB"
859,Juan David Cabal,FB
860,Paweł Dawidowicz,CB
861,Charles De Ketelaere,"FW, AM"
862,Lorenzo De Silvestri,FB
863,Koni De Winter,CB
864,Grégoire Defrel,AM
865,Alessandro Deiola,CM
866,Giovanni Di Lorenzo,FB
867,Boulaye Dia,FW
868,Federico Dimarco,FB
869,Koffi Djidji,CB
870,Berat Djimsiti,CB
871,Dodô,FB
872,Josh Doig,FB
873,Josh Doig,FB
874,Patrick Dorgu,"FB, CM"
875,Alberto Dossena,CB
876,Radu Drăgușin,CB
877,Ondrej Duda,CM
878,Denzel Dumfries,FB
879,Alfred Duncan,CM
880,Paulo Dybala,"AM, FW"
881,Festy Ebosele,FB
882,Tyronne Ebuehi,FB
883,Éderson,CM
884,Kingsley Ehizibue,FB
885,Caleb Ekuban,FW
886,Martin Erlic,CB
887,Giovanni Fabbian,"CM, AM"
888,Davide Faraoni,FB
889,Federico Fazio,CB
890,Jacopo Fazzini,CM
891,Lewis Ferguson,"AM, CM"
892,João Ferreira,"CB, FB"
893,Alessandro Florenzi,FB
894,Michael Folorunsho,"AM, CM"
895,Davide Frattesi,CM
896,Morten Frendrup,CM
897,Remo Freuler,CM
898,Matteo Gabbia,CB
899,Gianluca Gaetano,FW
900,Roberto Gagliardini,CM
901,Antonino Gallo,FB
902,Luca Garritano,CM
903,Federico Gatti,CB
904,Francesco Gelli,"CM, AM, FB"
905,Valentin Gendrey,FB
906,Lautaro Gianetti,CB
907,Mario Gila,CB
908,Gvidas Gineitis,CM
909,Olivier Giroud,FW
910,Edoardo Goldaniga,CB
911,Joan Gonzàlez,CM
912,Nicolás González,AM
913,Alberto Grassi,CM
914,Mattéo Guendouzi,CM
915,Albert Guðmundsson,FW
916,Emmanuel Gyasi,FB
917,Norbert Gyömbér,CB
918,Ridgeciano Haps,FB
919,Abdou Harroui,AM
920,Hans Hateboer,FB
921,Pantelis Hatzidiakos,CB
922,Matheus Henrique,CM
923,Theo Hernández,"FB, CB"
924,Isak Hien,CB
925,Isak Hien,CB
926,Emil Holm,FB
927,Martin Hongla,CM
928,Dean Huijsen,CB
929,Elseid Hysaj,FB
930,Arijon Ibrahimović,AM
931,Jonathan Ikone,AM
932,Chukwubuikem Ikwuemesi,FW
933,Ivan Ilić,CM
934,Samuel Iling-Junior,FB
935,Ciro Immobile,FW
936,Gustav Isaksen,AM
937,Ardian Ismajli,CB
938,Armando Izzo,CB
939,Jakub Jankto,CM
940,Juan Jesus,CB
941,Kaio Jorge,FW
942,Luka Jović,FW
943,Mohamed Kaba,CM
944,Christian Kabasele,CB
945,Daichi Kamada,CM
946,Hassane Kamara,FB
947,Rick Karsdorp,FB
948,Grigoris Kastanos,AM
949,Michael Kayode,FB
950,Moise Kean,FW
951,Simon Kjær,CB
952,Sead Kolašinac,CB
953,Teun Koopmeiners,"AM, CM"
954,Filip Kostić,FB
955,Christian Kouamé,AM
956,Viktor Kovalenko,CM
957,Rasmus Kristensen,FB
958,Thomas Kristensen,CB
959,Nikola Krstović,FW
960,Rade Krunić,CM
961,Khvicha Kvaratskhelia,AM
962,Giorgos Kyriakopoulos,FB
963,Gianluca Lapadula,FW
964,Armand Lauriente,AM
965,Valentino Lazaro,FB
966,Darko Lazović,"AM, CM"
967,Manuel Lazzari,FB
968,Rafael Leão,AM
969,Karol Linetty,CM
970,Pol Lirola,"CB, FB"
971,Diego Llorente,CB
972,Stanislav Lobotka,CM
973,Manuel Locatelli,CM
974,Ruben Loftus-Cheek,"AM, CM"
975,Ademola Lookman,"FW, AM"
976,Maxime Lopez,CM
977,Matteo Lovato,CB
978,Matteo Lovato,CB
979,Sandi Lovrić,CM
980,Lorenzo Lucca,FW
981,Jhon Lucumí,CB
982,Romelu Lukaku,FW
983,Sebastiano Luperto,CB
984,Zito Luvumbo,"FW, AM, CM"
985,Charalambos Lykogiannis,FB
986,Giulio Maggiore,CM
987,Giangiacomo Magnani,CB
988,Antoine Makoumbou,CM
989,Youssef Maleh,CM
990,Ruslan Malinovskyi,CM
991,Gianluca Mancini,CB
992,Rolando Mandragora,CM
993,Kostas Manolas,CB
994,Riccardo Marchizza,FB
995,Gian Marco Ferrari,CB
996,Pablo Marí,CB
997,Răzvan Marin,CM
998,Agustín Martegani,CM
999,Aarón Martín,FB
1000,Lautaro Martínez,FW
1001,Lucas Martínez Quarta,CB
1002,Adam Marušić,FB
1003,Adam Masina,CB
1004,Luca Mazzitelli,CM
1005,Pasquale Mazzocchi,FB
1006,Weston McKennie,"CM, AM"
1007,Arthur Melo,CM
1008,Junior Messias,CM
1009,Nikola Milenković,CB
1010,Arkadiusz Milik,FW
1011,Yerry Mina,CB
1012,Aleksei Miranchuk,"AM, FW"
1013,Fabio Miretti,CM
1014,Henrikh Mkhitaryan,CM
1015,Ilario Monterisi,CB
1016,Nikola Moro,CM
1017,Dany Mota,"AM, FW"
1018,Samuele Mulattieri,FW
1019,Yunus Musah,CM
1020,Obite N'Dicka,CB
1021,Nahitan Nández,"FB, CM, AM"
1022,Natan,CB
1023,Dan Ndoye,"AM, CM"
1024,Cyril Ngonge,AM
1025,M'Baye Niang,FW
1026,Tijjani Noslin,"FW, AM"
1027,Simeon Nwankwo,FW
1028,M'Bala Nzola,FW
1029,Adam Obert,CB
1030,Pedro Obiang,CM
1031,Noah Okafor,"AM, FW"
1032,Caleb Okoli,CB
1033,Mathías Olivera,FB
1034,Gaetano Oristanio,AM
1035,Riccardo Orsolini,"AM, CM"
1036,Victor Osimhen,FW
1037,Remi Oudin,"CM, AM"
1038,Anthony Oyono,FB
1039,Leandro Paredes,CM
1040,Fabiano Parisi,FB
1041,Mario Pašalić,"CM, AM"
1042,Triantafyllos Pasaridīs,CB
1043,Patric,CB
1044,Benjamin Pavard,CB
1045,Leonardo Pavoletti,FW
1046,Martín Payero,CM
1047,Marcus Pedersen,FB
1048,Pedro,AM
1049,Pietro Pellegri,FW
1050,Lorenzo Pellegrini,CM
1051,Luca Pellegrini,FB
1052,Marco Pellegrino,CB
1053,Pedro Pereira,FB
1054,Roberto Pereyra,FW
1055,Nehuén Pérez,CB
1056,Matteo Pessina,"CM, AM"
1057,Andrea Petagna,FW
1058,Giuseppe Pezzella,FB
1059,Roberto Piccoli,FW
1060,Niccolò Pierozzi,CB
1061,Andrea Pinamonti,FW
1062,Lorenzo Pirola,CB
1063,Matteo Politano,AM
1064,Marin Pongračić,CB
1065,Stefan Posch,FB
1066,Matteo Prati,CM
1067,Christian Pulisic,AM
1068,Adrien Rabiot,CM
1069,Uroš Račić,CM
1070,Hamza Rafia,CM
1071,Ylber Ramadani,CM
1072,Luca Ranieri,CB
1073,Filippo Ranocchia,CM
1074,Giacomo Raspadori,"FW, AM"
1075,Tijjani Reijnders,CM
1076,Reinier,AM
1077,Mateo Retegui,FW
1078,Samuele Ricci,"CM, AM"
1079,Ricardo Rodríguez,"CB, FB"
1080,Alessio Romagnoli,CB
1081,Simone Romagnoli,CB
1082,Marten de Roon,"CM, CB"
1083,Nicolò Rovella,CM
1084,Amir Rrahmani,CB
1085,Ruan,CB
1086,Daniele Rugani,CB
1087,Matteo Ruggeri,FB
1088,Mário Rui,FB
1089,Stefano Sabelli,FB
1090,Alexis Saelemaekers,"AM, CM"
1091,Lazar Samardzic,"CM, AM"
1092,Junior Sambia,FB
1093,Antonio Sanabria,FW
1094,Alexis Sánchez,FW
1095,Alex Sandro,CB
1096,Nicola Sansone,AM
1097,Giorgio Scalvini,CB
1098,Gianluca Scamacca,FW
1099,Perr Schuurs,CB
1100,Suat Serdar,CM
1101,Stephan El Shaarawy,"AM, FB, FW"
1102,Eldor Shomurodov,FW
1103,Giovanni Simeone,FW
1104,Leo Skiri Østigård,CB
1105,Riccardo Sottil,AM
1106,Matìas Soulé,"AM, CM"
1107,Djed Spence,FB
1108,Leonardo Spinazzola,FB
1109,Gabriel Strefezza,"AM, CM"
1110,Kevin Strootman,CM
1111,Isaac Success,FW
1112,Ibrahim Sulemana,CM
1113,Tomáš Suslov,"AM, CM"
1114,Karol Świderski,FW
1115,Adrien Tameze,"CB, CM"
1116,Loum Tchaouna,"AM, FW"
1117,Jackson Tchatchoua,FB
1118,Filippo Terracciano,FB
1119,Florian Thauvin,FW
1120,Malick Thiaw,CB
1121,Morten Thorsby,CM
1122,Kristian Thorstvedt,"CM, AM"
1123,Marcus Thuram,FW
1124,Jeremy Toljan,FB
1125,Rafael Tolói,CB
1126,Fikayo Tomori,CB
1127,Kacper Urbanski,AM
1128,Emanuele Valeri,FB
1129,Johan Vásquez,"CB, FB"
1130,Matías Vecino,CM
1131,Matías Viña,FB
1132,Nicolas Viola,AM
1133,Mattia Viti,CB
1134,Dušan Vlahović,FW
1135,Nikola Vlašić,AM
1136,Alessandro Vogliacco,CB
1137,Mërgim Vojvoda,"FB, CB"
1138,Cristian Volpato,AM
1139,Stefan de Vrij,CB
1140,Walace,CM
1141,Sebastian Walukiewicz,CB
1142,Timothy Weah,FB
1143,Shon Weissman,FW
1144,Mateusz Wieteska,CB
1145,Kenan Yıldız,FW
1146,Mattia Zaccagni,AM
1147,Nicola Zalewski,"FB, AM"
1148,Andre-Frank Zambo Anguissa,CM
1149,Alessandro Zanoli,FB
1150,Duván Zapata,FW
1151,Gabriele Zappa,"FB, CB"
1152,Davide Zappacosta,FB
1153,Jordan Zemura,FB
1154,Alessio Zerbin,AM
1155,Piotr Zieliński,CM
1156,Joshua Zirkzee,FW
1157,Nadir Zortea,FB
1158,Szymon Żurkowski,AM
1159,Milan Đurić,FW
1160,Milan Đurić,FW
1161,Mateusz Łęgowski,CM
1162,Brenden Aaronson,CM
1163,Sargis Adamyan,FW
1164,Karim Adeyemi,AM
1165,Amine Adli,"AM, FW"
1166,Felix Agu,FB
1167,Ludovic Ajorque,FW
1168,Kevin Akpoguma,CB
1169,Faride Alidou,AM
1170,Nadiem Amiri,CM
1171,Robert Andrich,"CM, CB"
1172,Waldemar Anton,CB
1173,Christopher Antwi-Adjei,AM
1174,Maximilian Arnold,CM
1175,Takuma Asano,"AM, FW"
1176,Matthias Bader,FB
1177,Ridle Baku,"FB, CM, AM"
1178,Leandro Barreiro Martins,CM
1179,Maximilian Bauer,CB
1180,Christoph Baumgartner,AM
1181,Ihlas Bebou,"FW, AM"
1182,Adrian Beck,CM
1183,Sheraldo Becker,"FW, AM"
1184,Kevin Behrens,FW
1185,Kevin Behrens,FW
1186,Maximilian Beier,FW
1187,Stefan Bell,CB
1188,Ramy Bensebaini,FB
1189,Bernardo,"FB, CB"
1190,Matúš Bero,"CM, AM"
1191,Jan-Niklas Beste,"AM, CM"
1192,Leonardo Bittencourt,CM
1193,Victor Boniface,FW
1194,Leonardo Bonucci,CB
1195,Sebastiaan Bornauw,CB
1196,Rafael Borré,FW
1197,Julian Brandt,"AM, CM"
1198,Tim Breithaupt,CM
1199,John Brooks,CB
1200,Moritz Broschinski,FW
1201,Marius Bülter,FB
1202,Jonathan Burkardt,"FW, AM"
1203,Marnon Busch,FB
1204,Aurélio Buta,FB
1205,Anthony Caci,"FB, CB"
1206,Emre Can,CM
1207,Rasmus Carstensen,FB
1208,Václav Černý,AM
1209,Julian Chabot,CB
1210,Fares Chaïbi,"AM, FW"
1211,Kingsley Coman,AM
1212,Danny da Costa,FB
1213,Tomáš Čvančara,FW
1214,Lukas Daschner,CM
1215,David Datro Fofana,FW
1216,Alphonso Davies,FB
1217,Olivier Deman,FB
1218,Ermedin Demirović,"FW, AM"
1219,Sepp van den Berg,CB
1220,Eric Dier,CB
1221,Junior Dina Ebimbe,"FB, CM, AM"
1222,Eren Dinkçi,"AM, CM"
1223,Ritsu Doan,"FB, AM, CM"
1224,Danilho Doekhi,CB
1225,Niklas Dorsch,CM
1226,Nikola Dovedan,AM
1227,Dion Drena Beljo,FW
1228,Tim Drexler,CB
1229,Marvin Ducksch,FW
1230,Maximilian Eggestein,CM
1231,Hugo Ekitike,FW
1232,Nico Elvedi,CB
1233,Arne Engels,CM
1234,Ohis Felix Uduokhai,CB
1235,Edimilson Fernandes,CB
1236,Max Finkgräfe,FB
1237,Jonas Föhrenbach,FB
1238,Emil Forsberg,CM
1239,Bartol Franjić,CM
1240,Marco Friedl,CB
1241,Marvin Friedrich,CB
1242,Jeremie Frimpong,FB
1243,Chris Führich,AM
1244,Niclas Füllkrug,FW
1245,Cristian Gamboa,FB
1246,Yannick Gerhardt,"CM, AM"
1247,Benedikt Gimber,CB
1248,Matthias Ginter,CB
1249,Jamie Gittens,AM
1250,Klaus Gjasula,"CB, CM"
1251,Leon Goretzka,CM
1252,Robin Gosens,FB
1253,Mario Götze,"CM, AM"
1254,Jeffrey Gouweleeuw,CB
1255,Michael Gregoritsch,FW
1256,Vincenzo Grifo,"AM, CM"
1257,Florian Grillitsch,"CB, CM"
1258,Álex Grimaldo,FB
1259,Christian Groß,CB
1260,Brajan Gruda,AM
1261,Raphaël Guerreiro,"FB, CM"
1262,Serhou Guirassy,FW
1263,Manuel Gulde,CB
1264,Robert Gumny,FB
1265,Christian Günter,FB
1266,Janik Haberer,CM
1267,Robin Hack,"AM, FW"
1268,Amadou Haidara,CM
1269,Andreas Hanche-Olsen,CB
1270,Dominique Heintz,FB
1271,Benjamin Henrichs,FB
1272,Piero Hincapié,CB
1273,Adam Hložek,AM
1274,Nicolas Höfler,CM
1275,Jonas Hofmann,AM
1276,Philipp Hofmann,FW
1277,Lucas Höler,"FW, AM"
1278,Fabian Holland,CM
1279,Benedict Hollerbach,FW
1280,Franck Honorat,"FB, AM"
1281,Mathias Honsak,AM
1282,Timo Hübers,CB
1283,Mats Hummels,CB
1284,Denis Huseinbasic,CM
1285,Iago,FB
1286,Thomas Isherwood,CB
1287,Ko Itakura,CB
1288,Hiroki Ito,"CB, FB"
1289,Lee Jae-sung,AM
1290,Kristijan Jakić,CM
1291,Fredrik Jensen,"CM, AM"
1292,Moritz Jenz,CB
1293,Anthony Jung,CB
1294,Josip Juranović,FB
1295,David Jurásek,FB
1296,Julian Justvan,"CM, AM"
1297,Ozan Kabak,CB
1298,Pavel Kadeřábek,FB
1299,Florian Kainz,"AM, CM"
1300,Jakub Kamiński,AM
1301,Kevin Kampl,CM
1302,Harry Kane,FW
1303,Atakan Karazor,CM
1304,Emir Karic,FB
1305,Silas Katompa,AM
1306,Mikkel Kaufmann,FW
1307,Yannik Keitel,CB
1308,Tobias Kempe,CM
1309,Rani Khedira,CM
1310,Luca Kilian,CB
1311,Joshua Kimmich,"CM, FB"
1312,Christoph Klarer,CB
1313,Tim Kleindienst,FW
1314,Lukas Klostermann,CB
1315,Ansgar Knauff,"AM, CM"
1316,Robin Knoche,CB
1317,Robin Koch,CB
1318,Dominik Kohr,"CB, CM"
1319,Manu Koné,CM
1320,Odilon Kossonou,CB
1321,Alex Král,CM
1322,Andrej Kramarić,"CM, AM"
1323,Tom Krauß,CM
1324,Lukas Kübler,"FB, CB"
1325,Maxence Lacroix,CB
1326,Aïssa Laïdouni,CM
1327,Konrad Laimer,"CM, FB"
1328,Stefan Lainer,FB
1329,Hugo Larsson,CM
1330,Diogo Leite,CB
1331,Jamie Leweling,AM
1332,Philipp Lienhart,CB
1333,Matthijs de Ligt,CB
1334,Dejan Ljubicic,"CM, AM"
1335,Anthony Losilla,CM
1336,Castello Lukeba,CB
1337,Senne Lynen,CM
1338,Ian Maatsen,FB
1339,Matej Maglica,CB
1340,Arne Maier,CM
1341,Linton Maina,"AM, CM"
1342,Patrick Mainka,CB
1343,Lovro Majer,"AM, CM"
1344,Jordy Makengo,FB
1345,Julián Malatini,CB
1346,Donyell Malen,AM
1347,Lennard Maloney,CM
1348,Omar Marmoush,FW
1349,Eric Martel,CM
1350,Erhan Mašović,CB
1351,Philipp Max,FB
1352,Eric Maxim Choupo-Moting,AM
1353,Noussair Mazraoui,FB
1354,Kevin Mbabu,FB
1355,Marvin Mehlem,"CM, AM"
1356,Thomas Meunier,FB
1357,Sven Michel,FW
1358,Enzo Millot,"AM, CM"
1359,Kim Min-jae,CB
1360,Maximilian Mittelstädt,FB
1361,Youssoufa Moukoko,FW
1362,Jannik Müller,CB
1363,Thomas Müller,AM
1364,Jamal Musiala,AM
1365,Phillipp Mwene,FB
1366,Joakim Mæhle,FB
1367,Nathan N'Goumou,"AM, CM"
1368,Stanley N'Soki,CB
1369,Luca Netz,FB
1370,Florian Neuhaus,CM
1371,Justin Njinmah,FW
1372,Niels Nkounkou,FB
1373,Felix Nmecha,CM
1374,Fabian Nürnberger,"FB, CM"
1375,Tim Oermann,FB
1376,Finn Ole Becker,CM
1377,Dani Olmo,AM
1378,Karim Onisiwo,"FW, AM"
1379,Loïs Openda,FW
1380,Willi Orban,CB
1381,Ivan Ordets,CB
1382,Patrick Osterhage,CM
1383,Salih Özcan,CM
1384,Willian Pacho,CB
1385,Gonçalo Paciência,FW
1386,Exequiel Palacios,CM
1387,Leart Paqarada,FB
1388,Kevin Paredes,"AM, CM"
1389,Felix Passlack,FB
1390,Aleksandar Pavlovic,CM
1391,Mads Pedersen,FB
1392,Jordan Pefok,FW
1393,Luca Pfeiffer,FW
1394,Patric Pfeiffer,CB
1395,Amos Pieper,CB
1396,Marvin Pieringer,"FW, AM"
1397,Alassane Pléa,FW
1398,Sebastian Polter,FW
1399,Yussuf Poulsen,FW
1400,Grischa Prömel,CM
1401,David Raum,FB
1402,Rocco Reitz,CM
1403,Marco Reus,"AM, CM"
1404,Elvis Rexhbeçaj,CM
1405,Marco Richter,AM
1406,Clemens Riedel,CB
1407,Rogério,FB
1408,Merlin Röhl,CM
1409,Anthony Rouault,CB
1410,Jérôme Roussillon,FB
1411,Julian Ryerson,FB
1412,Marcel Sabitzer,CM
1413,Roland Sallai,"AM, FW"
1414,Jadon Sancho,AM
1415,Leroy Sané,AM
1416,Joe Scally,"FB, CB"
1417,András Schäfer,CM
1418,Patrik Schick,FW
1419,Xaver Schlager,CM
1420,Keven Schlotterbeck,CB
1421,Nico Schlotterbeck,CB
1422,Romano Schmid,"CM, AM"
1423,Benno Schmitz,FB
1424,Jan Schöppner,CM
1425,Nicolas Seiwald,CM
1426,Davie Selke,FW
1427,Benjamin Šeško,FW
1428,Kevin Sessa,"CM, AM"
1429,Aaron Seydel,FW
1430,Tim Siersleben,CB
1431,Kiliann Sildillia,"FB, CB"
1432,Mohamed Simakan,"CB, FB"
1433,Xavi Simons,"AM, CM"
1434,Tim Skarke,"FW, FB, AM"
1435,Ellyes Skhiri,CM
1436,Robert Skov,FB
1437,Anton Stach,CM
1438,Jens Stage,CM
1439,Josip Stanišić,"CB, FB"
1440,Niklas Stark,CB
1441,Pascal Stenzel,FB
1442,Leonidas Stergiou,FB
1443,Angelo Stiller,CM
1444,Kevin Stöger,"CM, AM"
1445,Niklas Süle,CB
1446,Mattias Svanberg,CM
1447,Jonathan Tah,CB
1448,Edmond Tapsoba,CB
1449,Mathys Tel,AM
1450,Nathan Tella,"FB, AM"
1451,Norman Theuerkauf,CM
1452,Jan Thielmann,"FW, AM"
1453,Denis Thomalla,"FW, AM"
1454,Phillip Tietz,FW
1455,Steffen Tigges,FW
1456,Umut Tohumcu,CM
1457,Tiago Tomás,AM
1458,Lucas Tousart,CM
1459,Omar Traoré,FB
1460,Christopher Trimmel,FB
1461,Tuta,CB
1462,Deniz Undav,"FW, AM"
1463,Dayot Upamecano,CB
1464,Josha Vagnoman,FB
1465,Ruben Vargas,AM
1466,Miloš Veljković,CB
1467,Yorbe Vertessen,FW
1468,Oscar Vilhelmsson,FW
1469,Kevin Vogt,CB
1470,Kevin Vogt,CB
1471,Kevin Volland,FW
1472,Aster Vranckx,CM
1473,Luca Waldschmidt,AM
1474,Wout Weghorst,FW
1475,Julian Weigl,CM
1476,Mitchell Weiser,"FB, CM"
1477,Noah Weißhaupt,FB
1478,Silvan Widmer,FB
1479,Patrick Wimmer,AM
1480,Jonas Wind,FW
1481,Florian Wirtz,AM
1482,Maximilian Wittek,FB
1483,Maximilian Wöber,CB
1484,Marius Wolf,FB
1485,Nick Woltemade,FW
1486,Jeong Woo-yeong,AM
1487,Granit Xhaka,CM
1488,Dan-Axel Zagadou,CB
1489,Cedric Zesiger,CB
1490,Christoph Zimmermann,CB
1491,Yunis Abdelhamid,CB
1492,Salis Abdul Samed,CM
1493,Laurent Abergel,CM
1494,Matthis Abline,FW
1495,Zakaria Aboukhlal,AM
1496,Bénie Adama Traore,FW
1497,Akor Adams,FW
1498,Nathaniel Adjei,CB
1499,Emmanuel Agbadou,CB
1500,Ruben Aguilar,FB
1501,Tosin Aiyegun,AM
1502,Sergio Akieme,FB
1503,Maghnes Akliouche,"AM, CM"
1504,Mohamed Ali Cho,AM
1505,Nabil Alioui,AM
1506,Jim Allevinah,"AM, FB"
1507,Papa Amadou Diallo,AM
1508,Kelvin Amian,FB
1509,Michael Amir Murillo,FB
1510,Benjamin André,CM
1511,Hákon Arnar Haraldsson,AM
1512,Marco Asensio,"CM, AM"
1513,Joel Asoro,AM
1514,Lorenz Assignon,FB
1515,Valentin Atangana Edoa,CM
1516,Arthur Atta,CM
1517,Pierre-Emerick Aubameyang,"FW, AM"
1518,André Ayew,FW
1519,Neil El Aynaoui,CM
1520,Tiemoué Bakayoko,CM
1521,Dilane Bakwa,"AM, CM"
1522,Leonardo Balerdi,CB
1523,Folarin Balogun,FW
1524,Mohamed Bamba,FW
1525,Bradley Barcola,AM
1526,Melvin Bard,FB
1527,Jeanuël Belocian,"CB, FB"
1528,Wissam Ben Yedder,FW
1529,Saïd Benrahma,AM
1530,Nabil Bentaleb,CM
1531,Lucas Beraldo,"CB, FB"
1532,Ludovic Blas,"AM, CM"
1533,Jeremie Boga,AM
1534,Ângelo Borges,AM
1535,Neto Borges,FB
1536,Hicham Boudaoui,CM
1537,Benjamin Bourigeaud,"CM, AM"
1538,Bilal Boutobba,AM
1539,Lilian Brassier,CB
1540,Rémy Cabella,AM
1541,Duje Ćaleta-Car,CB
1542,Lamine Camara,"CM, AM"
1543,Mahdi Camara,"CM, AM"
1544,Mohamed Camara,CM
1545,Fali Candé,CB
1546,Maxence Caqueret,CM
1547,Josué Casimir,"AM, FB, FW"
1548,Cristian Cásseres Jr.,CM
1549,Jean-Charles Castelletto,CB
1550,Maximiliano Caufriez,CB
1551,Ivan Cavaleiro,AM
1552,Muhammed Cham,AM
1553,Brendan Chardonnet,CB
1554,Jhoanner Chávez,FB
1555,Rayan Cherki,AM
1556,Pedro Chirivella,CM
1557,Joris Chotard,CM
1558,Alexis Claude-Maurice,CM
1559,Jonathan Clauss,FB
1560,Marcus Coco,FB
1561,Maxime Colin,FB
1562,Eray Cömert,CB
1563,David Pereira da Costa,"AM, CM"
1564,Logan Costa,CB
1565,Tanguy Coulibaly,AM
1566,Nicolas Cozza,FB
1567,Thijs Dallinga,FW
1568,Kevin Danso,CB
1569,Dante,CB
1570,Mohammed Daramy,"FW, AM"
1571,Jonathan David,FW
1572,Thibault De Smet,FB
1573,Romain Del Castillo,AM
1574,Thomas Delaine,"FB, CM"
1575,Ousmane Dembélé,"AM, CM"
1576,Jessy Deminguet,CM
1577,Mikkel Desler,FB
1578,Bafodé Diakité,"CB, FB"
1579,Oumar Diakité,FW
1580,Habib Diarra,"CM, AM"
1581,Moussa Diarra,"CB, FB"
1582,Krépin Diatta,FB
1583,Bamba Dieng,FW
1584,Sinaly Diomande,CB
1585,Sofiane Diop,AM
1586,Andy Diouf,CM
1587,Désiré Doué,"CM, AM"
1588,Guela Doué,FB
1589,Douglas,CM
1590,Ismaël Doukouré,CM
1591,Kamory Doumbia,CM
1592,Jean-Kevin Duverne,FB
1593,Aron Dønnum,"AM, CM"
1594,Simon Elisor,FW
1595,Emanuel Emegha,FW
1596,Maxime Estève,CB
1597,Romain Faivre,AM
1598,Khalil Fayad,AM
1599,Jordan Ferri,CM
1600,Malick Fofana,AM
1601,Youssouf Fofana,CM
1602,Thomas Foket,FB
1603,Przemysław Frankowski,FB
1604,Angelo Fulgini,AM
1605,Kévin Gameiro,"AM, FW"
1606,Ulisses Garcia,FB
1607,Johan Gastien,CM
1608,Yann Gboho,AM
1609,Gelabert,AM
1610,Denis Genreau,"CB, CM"
1611,Samuel Gigot,CB
1612,Aleksandr Golovin,"AM, CM"
1613,Angel Gomes,"CM, AM"
1614,Maxime Gonalons,CM
1615,Amine Gouiri,"AM, FW"
1616,Jonathan Gradit,CB
1617,Samuel Grandsir,AM
1618,Gabriel Gudmundsson,"FB, AM"
1619,Evann Guessand,FW
1620,Pape Gueye,CM
1621,Morgan Guilavogui,FW
1622,Frederic Guilbert,"FB, CB"
1623,Massadio Haïdara,"CB, FB"
1624,Achraf Hakimi,FB
1625,Amine Harit,"CM, AM"
1626,Silvan Hefti,FB
1627,Henrique,FB
1628,Luis Henrique,"AM, FB"
1629,Christophe Hérelle,CB
1630,Lucas Hernández,"FB, CB"
1631,Ismaily,FB
1632,Junya Ito,"AM, FW, CM"
1633,Ismail Jakobs,FB
1634,Ablie Jallow,AM
1635,Danley Jean-Jacques,CM
1636,Antoine Joujou,AM
1637,Christopher Jullien,CB
1638,Eli Junior Kroupi,FW
1639,Abdoul Kader Bamba,AM
1640,Tino Kadewere,FW
1641,Arnaud Kalimuendo,FW
1642,Gedeon Kalulu,FB
1643,Waren Kamanzi,FB
1644,Lee Kang-in,"AM, CM"
1645,Ayman Kari,AM
1646,Panos Katseris,FB
1647,Kévin Keben Biakolo,CB
1648,Yassine Kechta,CM
1649,Thilo Kehrer,"CB, FB"
1650,Habib Keita,CM
1651,Reda Khadra,FW
1652,Wahbi Khazri,AM
1653,Abdukodir Khusanov,CB
1654,Randal Kolo Muani,"FW, AM"
1655,Cheick Konaté,FB
1656,Geoffrey Kondogbia,CM
1657,Amadou Koné,CM
1658,Koffi Kouao,FB
1659,Boubakar Kouyaté,CB
1660,Sael Kumbedi,FB
1661,Daler Kuzyaev,"CM, AM"
1662,Grejohn Kyei,FW
1663,Gaëtan Laborde,AM
1664,Alexandre Lacazette,FW
1665,Kenny Lala,FB
1666,Mohamed Lamine Bayo,FW
1667,Didier Lamkel Zé,FW
1668,Julien Laporte,CB
1669,Théo Le Bris,FB
1670,Julien Le Cardinal,CB
1671,Jérémy Le Douaron,AM
1672,Enzo Le Fée,CM
1673,Vincent Le Goff,FB
1674,Pierre Lees-Melou,CM
1675,Léo Leroy,CM
1676,Gautier Lloris,CB
1677,Bradley Locko,FB
1678,Renan Lodi,FB
1679,Jordan Lotomba,FB
1680,Imran Louza,CM
1681,Dejan Lovren,CB
1682,Deiver Machado,FB
1683,Soungoutou Magassa,CB
1684,Hugo Magnetti,CM
1685,Yohann Magnin,CM
1686,Frank Magri,"FW, AM"
1687,Ainsley Maitland-Niles,FB
1688,Jean-Victor Makengo,CM
1689,Guillermo Maripán,CB
1690,Marquinhos,CB
1691,Jonas Martin,CM
1692,Clinton Mata,"FB, CB"
1693,Nemanja Matić,CM
1694,Nemanja Matić,CM
1695,Chrislain Matsima,CB
1696,Azor Matusiwa,CM
1697,Azor Matusiwa,CM
1698,Christian Mawissa,"CB, FB"
1699,Kylian Mbappé,"FW, AM"
1700,Chancel Mbemba,CB
1701,Facundo Medina,CB
1702,Bamo Meïté,CB
1703,Benjamin Mendy,FB
1704,Formose Mendy,CB
1705,Nampalys Mendy,CM
1706,Quentin Merlin,FB
1707,Quentin Merlin,FB
1708,Georges Mikautadze,FW
1709,Takumi Minamino,"AM, CM"
1710,Lucas Mincarelli,FB
1711,Terem Moffi,FW
1712,Mostafa Mohamed,FW
1713,Dion Moise Sahi,AM
1714,Florent Mollet,"AM, CM"
1715,Lebo Mothiba,FW
1716,Steve Mounié,FW
1717,Samuel Moutoussamy,CM
1718,Nordi Mukiele,FB
1719,Marshall Munetsi,CM
1720,Junior Mwanga,CM
1721,Kévin N'Doram,CM
1722,Keito Nakamura,AM
1723,Youssouf Ndayishimiye,CM
1724,Iliman Ndiaye,"AM, FW"
1725,Rassoul Ndiaye,CM
1726,Joseph Nduquidi,CM
1727,Loïc Nego,"FB, CM"
1728,Shamar Nicholson,FW
1729,Rasmus Nicolaisen,CB
1730,Arnaud Nordin,AM
1731,Ernest Nuamah,AM
1732,Gerzino Nyamsi,CB
1733,Jake O'Brien,CB
1734,Florent Ogier,CB
1735,Joseph Okumu,CB
1736,Warmed Omari,CB
1737,Becir Omeragic,"CB, CM"
1738,Jean Onana,CM
1739,Christopher Operi,FB
1740,Gift Orban,FW
1741,Kassoum Ouattara,FB
1742,Azzedine Ounahi,CM
1743,Nicolas Pallois,CB
1744,Andy Pelmard,CB
1745,Faris Pemi Moumbagna,FW
1746,Danilo Pereira,CB
1747,Mathias Pereira Lage,AM
1748,Lucas Perrin,CB
1749,Ronaël Pierre-Gabriel,FB
1750,Julien Ponceau,"AM, CM"
1751,Gonçalo Ramos,FW
1752,Elba Rashani,AM
1753,Alexsandro Ribeiro,CB
1754,Amir Richardson,CM
1755,Valentin Rongier,CM
1756,Pablo Rosario,"CM, CB, FB"
1757,Fabián Ruiz Peña,CM
1758,Emmanuel Sabbi,AM
1759,Falaye Sacko,FB
1760,Modibo Sagnan,CB
1761,Wesley Saïd,FW
1762,Ibrahim Salah,AM
1763,Mohammed Salisu,CB
1764,Yoann Salmier,"CB, FB"
1765,Mama Samba Baldé,FW
1766,Sadibou Sané,CB
1767,Arouna Sangante,"CB, FB"
1768,Morgan Sanson,CM
1769,Baptiste Santamaria,CM
1770,Andrey Santos,CM
1771,Tiago Santos,FB
1772,Ismaila Sarr,AM
1773,Martin Satriano,"FW, AM"
1774,Téji Savanier,"AM, CM"
1775,Niklas Schmidt,CM
1776,Alidu Seidu,"CB, FB"
1777,Alidu Seidu,"CB, FB"
1778,Marvin Senaya,FB
1779,Vincent Sierro,CM
1780,Caio Henrique Oliveira Silva,FB
1781,Moses Simon,AM
1782,Wilfried Singo,CB
1783,Ibrahima Sissoko,CM
1784,Moussa Sissoko,"CM, AM"
1785,Milan Škriniar,CB
1786,Carlos Soler,CM
1787,Florian Sotoca,"AM, FW"
1788,Saidou Sow,CB
1789,Stijn Spierings,CM
1790,Gabriel Suazo,FB
1791,Abakar Sylla,CB
1792,Issiaga Sylla,FB
1793,Musa Al-Taamari,AM
1794,Nicolás Tagliafico,FB
1795,Montassar Talbi,CB
1796,Oussama Targhalline,CM
1797,Enzo Tchato,FB
1798,Martin Terrier,"FW, AM"
1799,Teddy Teuma,CM
1800,Arthur Theate,CB
1801,Adrien Thomasson,AM
1802,Khéphren Thuram,CM
1803,Cheikh Tidiane Sabaly,AM
1804,Jean-Clair Todibo,CB
1805,Corentin Tolisso,CM
1806,Abdoulaye Touré,CM
1807,Souleymane Touré,CB
1808,Ismaël Traoré,CB
1809,Adrien Truffert,FB
1810,Matthieu Udol,FB
1811,Manuel Ugarte Ribeiro,CM
1812,Kévin Van Den Kerkhof,AM
1813,Vanderson,FB
1814,Jordan Veretout,CM
1815,Alan Virginius,AM
1816,Vitinha,FW
1817,Vitinha,CM
1818,Elye Wahi,FW
1819,Josh Wilson-Esbrand,FB
1820,Christopher Wooh,CB
1821,Yusuf Yazıcı,AM
1822,Bertuğ Yıldırım,FW
1823,Darlin Yongwa,FB
1824,Leny Yoro,CB
1825,Etienne Youte Kinkoue,CB
1826,Warren Zaïre-Emery,CM
1827,Denis Zakaria,"CM, CB"
1828,Mehdi Zeffane,FB
1829,Nathan Zeze,CB
1830,Edon Zhegrova,AM
